<?xml version="1.0" standalone="no" ?>
<root>
    <service minimized="false" num_exec="1">
        <label>Google Artist</label>
        <path>http://www.google.com/search?q=$replace(%artist%, ,+)&amp;ie=utf-8C:\Program Files (x86)\Google\Chrome\Application\chrome.exe</path>
    </service>
    <service minimized="false" num_exec="1">
        <label>Google Artist + Title</label>
        <path>http://www.google.com/search?q=$replace(%artist%+%title%, ,+)&amp;ie=utf-8</path>
    </service>
    <service minimized="false" num_exec="1">
        <label>Metal Archives</label>
        <path>http://www.metal-archives.com/search?searchString=$replace(%artist%, ,+)&amp;type=band_name&amp;ie=utf-8C:\Program Files (x86)\Google\Chrome\Application\chrome.exe</path>
    </service>
    <service minimized="false" num_exec="1">
        <label>Youtube</label>
        <path>https://www.youtube.com/results?search_query=$replace(%artist%+%title%, ,+)&amp;ie=utf-8</path>
    </service>
</root>
